{
    "foreground_intensity_properties_per_channel": {
        "0": {
            "max": 3095.0,
            "mean": 1254.75390625,
            "median": 1191.0,
            "min": -1000.0,
            "percentile_00_5": 174.0,
            "percentile_99_5": 3095.0,
            "std": 530.0060424804688
        }
    },
    "median_relative_size_after_cropping": 1.0,
    "shapes_after_crop": [
        [
            200,
            266,
            266
        ],
        [
            200,
            266,
            266
        ],
        [
            200,
            266,
            266
        ],
        [
            200,
            266,
            266
        ],
        [
            200,
            266,
            266
        ],
        [
            200,
            266,
            266
        ],
        [
            200,
            266,
            266
        ],
        [
            200,
            266,
            266
        ],
        [
            300,
            400,
            400
        ],
        [
            300,
            400,
            400
        ],
        [
            300,
            400,
            400
        ],
        [
            300,
            400,
            400
        ],
        [
            200,
            266,
            266
        ],
        [
            200,
            266,
            266
        ],
        [
            200,
            266,
            266
        ],
        [
            200,
            266,
            266
        ],
        [
            705,
            470,
            470
        ],
        [
            705,
            470,
            470
        ],
        [
            200,
            266,
            266
        ],
        [
            200,
            266,
            266
        ],
        [
            200,
            266,
            266
        ],
        [
            200,
            266,
            266
        ],
        [
            200,
            266,
            266
        ],
        [
            200,
            266,
            266
        ]
    ],
    "spacings": [
        [
            0.30000001192092896,
            0.30000001192092896,
            0.30000001192092896
        ],
        [
            0.30000001192092896,
            0.30000001192092896,
            0.30000001192092896
        ],
        [
            0.30000001192092896,
            0.30000001192092896,
            0.30000001192092896
        ],
        [
            0.30000001192092896,
            0.30000001192092896,
            0.30000001192092896
        ],
        [
            0.30000001192092896,
            0.30000001192092896,
            0.30000001192092896
        ],
        [
            0.30000001192092896,
            0.30000001192092896,
            0.30000001192092896
        ],
        [
            0.30000001192092896,
            0.30000001192092896,
            0.30000001192092896
        ],
        [
            0.30000001192092896,
            0.30000001192092896,
            0.30000001192092896
        ],
        [
            0.20000000298023224,
            0.20000000298023224,
            0.20000000298023224
        ],
        [
            0.20000000298023224,
            0.20000000298023224,
            0.20000000298023224
        ],
        [
            0.20000000298023224,
            0.20000000298023224,
            0.20000000298023224
        ],
        [
            0.20000000298023224,
            0.20000000298023224,
            0.20000000298023224
        ],
        [
            0.30000001192092896,
            0.30000001192092896,
            0.30000001192092896
        ],
        [
            0.30000001192092896,
            0.30000001192092896,
            0.30000001192092896
        ],
        [
            0.30000001192092896,
            0.30000001192092896,
            0.30000001192092896
        ],
        [
            0.30000001192092896,
            0.30000001192092896,
            0.30000001192092896
        ],
        [
            0.08500000089406967,
            0.08500000089406967,
            0.08500000089406967
        ],
        [
            0.08500000089406967,
            0.08500000089406967,
            0.08500000089406967
        ],
        [
            0.30000001192092896,
            0.30000001192092896,
            0.30000001192092896
        ],
        [
            0.30000001192092896,
            0.30000001192092896,
            0.30000001192092896
        ],
        [
            0.30000001192092896,
            0.30000001192092896,
            0.30000001192092896
        ],
        [
            0.30000001192092896,
            0.30000001192092896,
            0.30000001192092896
        ],
        [
            0.30000001192092896,
            0.30000001192092896,
            0.30000001192092896
        ],
        [
            0.30000001192092896,
            0.30000001192092896,
            0.30000001192092896
        ]
    ]
}